155,01,WTCCN
386,01,WTCCN
435,01,WTCCN
449,01,WTCCN
606,01,WTCCN
660,01,WTCCN
704,01,WTCCN
711,01,WTCCN
729,01,WTCCN
738,01,WTCCN
750,01,WTCCN
774,01,WTCCN
786,01,WTCCN
822,01,WTCCN
827,01,WTCCN
841,01,WTCCN
896,01,WTCCN
968,01,WTCCN
976,01,WTCCN
986,01,WTCCN
1241,01,WTCCN
1265,01,WTCCN
1272,01,WTCCN
1273,01,WTCCN
1285,01,WTCCN
1287,01,WTCCN
1358,01,WTCCN
1375,01,WTCCN
1395,01,WTCCN
1414,01,WTCCN
1419,01,WTCCN
1427,01,WTCCN
1439,01,WTCCN
1545,01,WTCCN
1580,01,WTCCN
1960,01,WTCCN
3166,01,WTCCN
3409,01,WTCCN
3807,01,WTCCN
3924,01,WTCCN
4097,01,WTCCN
4271,01,WTCCN
6003,01,WTCCN
6037,01,WTCCN
6040,01,WTCCN
6053,01,WTCCN
6079,01,WTCCN
6100,01,WTCCN
6156,01,WTCCN
6167,01,WTCCN
6432,01,WTCCN
6621,01,WTCCN
6649,01,WTCCN
6782,01,WTCCN
8195,01,WTCCN
8371,01,WTCCN
8379,01,WTCCN
8421,01,WTCCN
8425,01,WTCCN
8427,01,WTCCN
8483,01,WTCCN
8839,01,WTCCN
8960,01,WTCCN